
{
	"imu": {
		"eva1": {
			"posx": 298329.281250,
			"posy": 3272417.250000,
			"heading": -174.270020
		},
		"eva2": {
			"posx": 298359.875000,
			"posy": 3272388.250000,
			"heading": -174.270020
		}
	}
}