
{
	"imu": {
		"eva1": {
			"posx": 298327.562500,
			"posy": 3272414.000000,
			"heading": -116.974365
		},
		"eva2": {
			"posx": 298357.093750,
			"posy": 3272383.500000,
			"heading": -116.974365
		}
	}
}