
{
	"rover": {
		"posx": 298387.187500,
		"posy": 3272353.500000,
		"qr_id": 0
	}
}