
{
	"rover": {
		"posx": 298390.031250,
		"posy": 3272357.250000,
		"qr_id": 0
	}
}