
{
	"telemetry": {
		"eva_time": 22,
		"eva1": {
			"batt_time_left": 4974.920410,
			"oxy_pri_storage": 16.038536,
			"oxy_sec_storage": 19.481251,
			"oxy_pri_pressure": 0.002518,
			"oxy_sec_pressure": 584.430542,
			"oxy_time_left": 3836,
			"heart_rate": 90.000000,
			"oxy_consumption": 0.099287,
			"co2_production": 0.103889,
			"suit_pressure_oxy": 3.072323,
			"suit_pressure_co2": 0.001189,
			"suit_pressure_other": 11.554200,
			"suit_pressure_total": 14.627711,
			"fan_pri_rpm": 0.000000,
			"fan_sec_rpm": 30001.000000,
			"helmet_pressure_co2": 0.028948,
			"scrubber_a_co2_storage": 0.000000,
			"scrubber_b_co2_storage": 0.991133,
			"temperature": 72.266449,
			"coolant_ml": 18.907730,
			"coolant_gas_pressure": 0.000000,
			"coolant_liquid_pressure": 105.107269
		},
		"eva2": {
			"batt_time_left": 5305.520508,
			"oxy_pri_storage": 19.185015,
			"oxy_sec_storage": 22.004721,
			"oxy_pri_pressure": 0.007828,
			"oxy_sec_pressure": 660.139404,
			"oxy_time_left": 4448,
			"heart_rate": 90.000000,
			"oxy_consumption": 0.103509,
			"co2_production": 0.106882,
			"suit_pressure_oxy": 3.072340,
			"suit_pressure_cO2": 0.001269,
			"suit_pressure_other": 11.554200,
			"suit_pressure_total": 14.627810,
			"fan_pri_rpm": 0.000000,
			"fan_sec_rpm": 30001.000000,
			"helmet_pressure_co2": 0.027895,
			"scrubber_a_co2_storage": 0.000000,
			"scrubber_b_co2_storage": 0.963440,
			"temperature": 77.625137,
			"coolant_ml": 22.715038,
			"coolant_gas_pressure": 0.000000,
			"coolant_liquid_pressure": 135.635223
		}
	}
}